Product Name,Category,Sub-Category,Price Range,Overall Score,Demand (1-10),LLM Buildability (1-10),Difficulty (1-10),Monthly Revenue Potential,Build Time,Primary Platform,Key Success Factor,LLM Production Role
Prompt Library (Profession-Specific),AI Tools,Marketing/Sales/Creative,$7-$47,8.45,8,10,3,"$500-$3,000",2-4,Etsy/Gumroad,"Platform-specific, tested outputs, customization framework","Generate 50-150 prompts, organize by use case"
How-To Guide (AI-Assisted Niche),Digital Guides,Process/SOP Documentation,$27-$97,8.2,8,10,4,"$1,000-$5,000",4-6,Gumroad,Ultra-specific: Tool + Outcome + Timeframe + Audience,"Research, drafting, SOP creation, editing"
Notion Business Dashboard (Complete System),Notion Templates,Project Management/CRM/Finance,$25-$150,8.15,10,9,6,"$2,000-$10,000+",4-8,Gumroad/Direct,"5+ interconnected databases, replaces SaaS tools","Schema design, formula logic, documentation"
Budget & Expense Tracker,Spreadsheet Templates,Personal Finance,$12-$29,8.1,8,9,3,"$600-$2,500",2-3,Etsy,"Auto-categorization, visual dashboards, goal tracking","Formula generation, category logic, visualization"
Content Planning System (Multi-Platform),Notion Templates,Creator Tools,$19-$79,8.0,9,9,5,"$1,200-$6,000",2-4,Gumroad,Editorial calendar + auto-scheduling + analytics,"Database schema, content pipeline logic"
Business Financial Model Spreadsheet,Spreadsheet Templates,Finance/Operations,$29-$97,8.0,9,9,5,"$1,500-$5,000",3-5,Gumroad/Etsy,"Scenario analysis, auto-calculations, professional design","Formula generation, financial logic, documentation"
AI Agent Configuration (Persona/Skill),OpenClaw Ecosystem,Claw Mart Skills/Personas,$49-$199,7.85,9,10,7,"$1,000-$5,000+",4-10,Claw Mart,"Operator-tested, solves specific automation pain","SOUL.md, IDENTITY.md, AGENTS.md generation"
Tax Preparation Organizer,Spreadsheet Templates,Seasonal Finance,$19-$39,7.55,9,7,4,"$1,000-$4,000 (seasonal)",3-5,Etsy,"Category auto-sort, deduction finder, quarterly tracking","Tax category logic, deduction prompts, organization system"
ADHD-Focused Digital Planner,Digital Planners,Specialized Productivity,$15-$35,7.5,8,8,4,"$800-$3,000",3-5,Etsy,"Dopamine-friendly design, visual progress tracking","Page variations, habit science integration"
Client Onboarding SOP + Templates,Business Systems,Agency/Freelancer Tools,$39-$79,7.45,7,9,4,"$800-$3,000",3-5,Gumroad,Complete workflow: intake → contract → kickoff,"Process documentation, template generation"
Content Creator Editorial Calendar,Digital Planners,Creator Tools,$12-$25,7.35,7,8,3,"$500-$2,000",2-3,Etsy,"Platform-specific (YouTube, TikTok, newsletter), trend tracking","Content pipeline, scheduling logic, platform optimization"
Habit & Goal Tracker (Gamified),Notion Templates,Personal Productivity,$9-$27,7.35,7,8,3,"$400-$1,800",1-2,Etsy,"Visual progress, streak mechanics, reward system","Gamification logic, progress formulas, motivational copy"
90-Day Business Sprint Planner,Digital Planners,Entrepreneurship,$19-$47,7.1,7,8,4,"$700-$2,500",3-5,Etsy/Gumroad,Goal-setting framework + weekly sprints + review system,"Sprint methodology, page layouts, milestone logic"
Pricing Calculator (Interactive),Interactive Tools,Business Calculators,$19-$47,6.85,7,8,5,"$400-$1,500",4-6,Gumroad,"Industry-specific formulas, visual outputs, scenario testing","Formula logic, user interface text, help documentation"
Software Migration Guide + Templates,Digital Guides,Tech Transition,$19-$49,6.800000000000001,6,9,5,"$300-$1,500",3-5,Gumroad,"Specific tool pairs (Notion→ClickUp, Excel→Airtable)","Feature mapping, migration steps, template conversion"
Break-Even & ROI Calculator,Interactive Tools,Financial Planning,$15-$39,6.7,6,8,4,"$300-$1,200",3-5,Gumroad,"Visual charts, scenario comparison, decision framework","Financial modeling, chart generation, interpretation text"
Executive Decision Framework,AI Tools,Prompt Systems,$27-$67,6.4,5,9,5,"$200-$1,000",3-4,Gumroad,"Scenario-based (crisis, growth, pivot, M&A), board-ready outputs","Framework generation, scenario prompts, output formatting"
AI Agent Toolkit (Research Automation),OpenClaw Ecosystem,Automation Skills,$49-$149,6.050000000000001,6,9,8,"$500-$2,000",6-12,Claw Mart,"Working API integrations, error handling, tested workflows","API chaining, error logic, skill documentation"
